ID,Oneida,English,Audio File
1,"Tho yʌkéhseke’","Will you be there?","./audio/1.mp3"
2,"Kátsha’ yʌséhseke’","Where will you be?","./audio/2.mp3"
3,"tho kʌ yeheséskwe’","Were you there?","./audio/3.mp3"
4,"Kátsha’ nu: nihséhskwe’","Where were you?","./audio/4.mp3"
5,"Kátsha’ nihséhse̲’","Where are you?","./audio/5.mp3"
6,"Yah tho tyakésheke’","I won’t be there","./audio/6.mp3"
7,"yah tho tyehekéskwe’","I was not there","./audio/7.mp3"
8,"Tho yehekéhskwe’","I was there","./audio/8.mp3"
9,"Kʌ tho i:kéhse̲’","I am here","./audio/9.mp3"
10,"Hao’ swatekhú:ni̲","All of you, come and eat","./audio/10.mp3"
11,"Owistóhsehli’ kʌ tesatuhutsyu:ni̲","do you want butter?","./audio/11.mp3"
12,"tesatuhutsyuni kʌ kʌ́tsi’","Do you want fish?","./audio/12.mp3"
13,"katuhkályaks kih","I am hungry","./audio/13.mp3"
14,"Hʌ né: ki’ kanutunyúhe̲’","Yes I’m thinking about it.","./audio/14.mp3"
15,"Hʌ́: né: ki’ í:kehlhe̲’","Yes, I wanted to.","./audio/15.mp3"
16,"Tʌsnanátalihte’ kʌ khále’ ʌsnatsihalʌ kʌ otsíhkwa̲’","Are you going to mash potatoes and cook turnips?","./audio/16.mp3"
17,"Hʌ́: se’ wah","I sure am!","./audio/17.mp3"
18,"Sate’wahlutá:ne’ kʌ skawihló:wan̲e̲’","are you going to roast a turkey?","./audio/18.mp3"
19,"Hʌ́: né: ki’ kanutunyú:he̲’","yes, I am thinking about it.","./audio/19.mp3"
20,"Satekhwalá:ne’ kʌ ni’isé: tsi’ náhte’ yutanuhelá:tuhe̲’","Are you going to have a thanksgiving feast?","./audio/20.mp3"
21,"kakhwahé:le̲’","feast","./audio/21.mp3"
22,"kahwa:tsí:le̲’","family","./audio/22.mp3"
23,"loti’khwaká:te̲’","they have lots of food","./audio/23.mp3"
24,"kakhwaku","good food","./audio/24.mp3"
25,"skawihlowane’ o’wá:lu̲’","turkey meat","./audio/25.mp3"
26,"wa’yathoku","a lot of pies","./audio/26.mp3"
27,"watna’talú:takwe̲’","homemade bread","./audio/27.mp3"
28,"tekananatalí:tu̲","mashed potatoes","./audio/28.mp3"
29,"otsíhkwa̲’","turnip","./audio/29.mp3"
30,"onu’uslakó: wá:yat","pumpkin pie","./audio/30.mp3"
31,"o:nʌstáse’ wʌhnitatati","month of new corn","./audio/31.mp3"
32,"Tho niyotityóhwake’ nén oshaheta̲","How many groups of beans is there?","./audio/32.mp3"
33,"shakotiyenashn̲e̲","police station","./audio/33.mp3"
34,"yutenata’asta̲","gas station","./audio/34.mp3"
35,"latinakle’ tehutlásta’","community centre","./audio/35.mp3"
36,"yutatlihunyʌní:tha̲’","school","./audio/36.mp3"
37,"teyukhiyatlihwakanelha’ thatítlu’","band office","./audio/37.mp3"
38,"yutlʌnayʌtakhwa̲","church","./audio/38.mp3"
39,"kʌ’nihʌná:sa tethuwatisnyétha̲’","daycare","./audio/39.mp3"
40,"tethutkʌnyé:tha̲’","fairgrounds","./audio/40.mp3"
41,"kalihunyʌnitsla’ lonatstelistu lati’tlu’","Education office","./audio/41.mp3"
42,"twaskóhu̲","bridge","./audio/42.mp3"
43,"Nikaha:wi̲","Time","./audio/43.mp3"
44,"Kukwí:te̲","Spring","./audio/44.mp3"
45,"Lonu’weskwaníhe’ tehutshikwá’eks","They enjoy playing ball ","./audio/45.mp3"
46,"Hanyo tehsalatat","Come on, Run fast!","./audio/46.mp3"
47,"Sahkwislu","Try hard!","./audio/47.mp3"
48,"ʌskwení nʌ kih","You can do it!","./audio/48.mp3"
49,"ísi ya’sá:ti̲","You throw it!","./audio/49.mp3"
50,"Takʌ’ nʌsa’nikulyak","Don't give up!","./audio/50.mp3"
51,"Té:sek","You pick it up","./audio/51.mp3"
52,"Hanyo! Hanyo!","Come on! Come on!","./audio/52.mp3"
53,"Onkwat káti kʌ nén siksik otahsa̲’","Is the mullen used for medicine?","./audio/53.mp3"
54,"Náhte’ né: onukwat nén olhohte’kó:","What do you use burdock as a medicine for?","./audio/54.mp3"
55,"Ihseks kʌ nise: nén onitshewʌ́:ta̲’","Do you eat milkweed?","./audio/55.mp3"
56,"Seká:se’ kʌ nén oneklʌta̲’","Do you like morels?","./audio/56.mp3"
57,"Se’nikúlalak tá:kʌ só:tsi yʌsatla’nʌtak tsi’ yotú:ni nén yakohʌ:tálahse̲","Watch, don’t get to close to the poison ivy","./audio/57.mp3"
58,"Oyu’kwa’uwe né: lutsta’ nén ukwehuwe nʌ tʌhatitalʌ nén shukwaya’tisu’","Native people use Indian tobacco when they talk to the Creator.","./audio/58.mp3"
59,"Teyotskalatko:","Smartweed","./audio/59.mp3"
60,"Sáyʌ: kʌ","Do you have _____?","./audio/60.mp3"
61,"tah","no","./audio/61.mp3"
62,"hʌ","yes","./audio/62.mp3"
63,"watahslóte̲’","stick standing","./audio/63.mp3"
64,"Wahsatlʌnayʌna káti’ kʌ nén yautatókʌhtan̲e̲’","Are you going to church on Sunday?","./audio/64.mp3"
65,"Tah  Ʌtakta ki’ nʌ thoyʌhʌ́ke̲","No, I will go on Saturday.","./audio/65.mp3"
66,"Kanatá:ke kʌ wahse’ nén ʌyólhʌn̲e̲’","Are you going to town tomorrow?","./audio/66.mp3"
67,"Yautʌtá:u nén thé:tʌ̲","Yesterday was Monday.","./audio/67.mp3"
68,"Náhte’ káti’ nén thé:tʌ̲","What was yesterday?","./audio/68.mp3"
69,"Hʌ nu’uwa’ nén wiskatút","Yes, today is Friday.","./audio/69.mp3"
70,"Sanúhte’ kʌ náhte’ nu’uwa’ niwʌhnisló:tʌ̲","Do you know what kind of day it is today?","./audio/70.mp3"
71,"Yautatokʌ́htu̲","Sunday","./audio/71.mp3"
72,"Ʌtakta","Saturday","./audio/72.mp3"
73,"Wiskatút","Friday","./audio/73.mp3"
74,"Kayelihatút","Thursday","./audio/74.mp3"
75,"Ahsʌhatút","Wednesday","./audio/75.mp3"
76,"Teknihatút","Tuesday","./audio/76.mp3"
77,"Yautʌtá:u","Monday","./audio/77.mp3"
78,"thé:tʌ̲:","yesterday","./audio/78.mp3"
79,"Ʌyólhʌn̲e̲’","Tomorrow","./audio/79.mp3"
80,"tsi’niwʌhnisló:tʌ̲","The kind of day","./audio/80.mp3"
81,"Tekni yawʌlé: niwʌhnítake nén tsyohslát","There are twelve months in one year.","./audio/81.mp3"
82,"Tó: kati’ né: niwʌhnítake nén tsyohslát","How many months in one year?","./audio/82.mp3"
83,"Hʌ  nʌ kyok kwi tsyohslát sʌha’ wa’yukwakstʌhane̲’","Yes, we are one year older.","./audio/83.mp3"
84,"Kwa’ nyóh kwi yosnóle: tsyohslát yuskáhewe̲’","How fast the year went by.","./audio/84.mp3"
85,"Hʌ nʌ ki’ á:se yohslá:te̲","Yes it is the New Year.","./audio/85.mp3"
86,"Nʌ kʌ á:se yohslá:te̲","Is it New Year's now?","./audio/86.mp3"
87,"a:sé yohsláte̲","new year","./audio/87.mp3"
88,"tsyohslát","one year","./audio/88.mp3"
89,"swʌhnítat","one month","./audio/89.mp3"
90,"swʌ:tát","one week","./audio/90.mp3"
91,"swahsútat","one night","./audio/91.mp3"
92,"swʌhnisláte̲","one day","./audio/92.mp3"
93,"kwa’suteke̲","night time","./audio/93.mp3"
94,"kwʌ’teke̲","day time","./audio/94.mp3"
95,"astehtsi̲'","morning","./audio/95.mp3"
96,"yo'kalas","evening","./audio/96.mp3"
97,"Hʌ é:so ki’ kanyé:yʌ̲","Yes there is a lot of snow (on the ground)","./audio/97.mp3"
98,"Yothó:le kʌ tsi’ nú: thanákehl̲e̲’","Is is cold where he lives?","./audio/98.mp3"
99,"Otholé:ke né: nu: thanakehle’ shakó:wihe̲’","Santa Claus lives up north.","./audio/99.mp3"
100,"ónyʌte̲’","snow","./audio/100.mp3"
101,"teyulahtakwanéta’asta̲","over shoes","./audio/101.mp3"
102,"teyóhsehs ahta’shúha̲","high top shoes","./audio/102.mp3"
103,"otholé:ke̲","north","./audio/103.mp3"
104,"tsi’ ní wʌhnislo:tʌse̲’","The kind of day (weather)","./audio/104.mp3"
105,"yohtánawʌ atslunya’khwa̲","warm clothing","./audio/105.mp3"
106,"teyonyo’kwatá:se̲","Snow is twirling around.","./audio/106.mp3"
107,"lutó:lats","they are hunting","./audio/107.mp3"
108,"kanyé:yʌ̲","there is snow on the ground","./audio/108.mp3"
109,"yothó:le̲","it is cold","./audio/109.mp3"
110,"Sanute’ kʌ tsi’ nʌ ya’kahewe’ tsi’ na’teyutatáwihe̲’","Do you know it is time to exchange gifts?","./audio/110.mp3"
111,"Tah  tsi’ ki’ ní: tkakwaheleko nú: wahke̲’","No! I am going where there’s lots to eat(or feast)","./audio/111.mp3"
112,"Wahslutotakó:na’ káti’ kʌ","Are you going to the Christmas concert?","./audio/112.mp3"
113,"Oskanú:tu né: ʌthatilú:tʌ shakó:wihe’ lá:osleht waté:slehse̲’","reindeer will pull Santa’s sleigh","./audio/113.mp3"
114,"Nʌ káti kʌ né: saya’taslú:ni nén kalute̲’","Did you decorate the tree yet?","./audio/114.mp3"
115,"Hʌ nʌ ki’ yakahwe’ utá:le’ shakó:wihe̲’","Yes, it is time for Santa Claus to come.","./audio/115.mp3"
116,"Nʌ kʌ tho yakahwe’ nén wʌhnisló:wan","Is it almost Christmas?","./audio/116.mp3"
117,"kakhwahele̲’","feast","./audio/117.mp3"
118,"latilutotakwas","Christmas concert","./audio/118.mp3"
119,"kalu:tóte̲’","(there is) a tree standing","./audio/119.mp3"
120,"kaya’taslú:ni̲","decorated","./audio/120.mp3"
121,"kakhwaku’ushu̲","good food","./audio/121.mp3"
122,"waté:slehse̲’","sleigh","./audio/122.mp3"
123,"shakó:wihe̲’","Santa Claus or he who gives","./audio/123.mp3"
124,"oskanú:tu̲","reindeer","./audio/124.mp3"
125,"teyutatá:wihe̲’","exchanging gifts","./audio/125.mp3"
126,"wʌhnislo:wán","big day or Christmas","./audio/126.mp3"
127,"Takʌ’ ʌsesa’nikulhʌ tsi’ ʌsatste’ yunihtyákta̲","Don’t forget to wear the scarf.","./audio/127.mp3"
128,"Ʌsatste’ kwi: anyá:nawʌ̲","you wear gloves","./audio/128.mp3"
129,"Ʌwá:tu ki’ onyʌte’ laya’tunyá:tu ʌtwatú:ni̲","we can make a snow man","./audio/129.mp3"
130,"Ʌwá:tu ki’ onyʌtá:ke ʌtwatnutolyahte̲’","we can play on the snow","./audio/130.mp3"
131,"Nok ʌwá:tu nén kohsla’kekha’ atslunyá:khwa’ ʌtwatste̲’","we now have to wear winter clothing","./audio/131.mp3"
132,"Wata’klokwaskó: wʌhni’tatati’ latina’tukhwa’ nén lotikstʌhoku","the elders call it the big snow moon.","./audio/132.mp3"
133,"Nʌ ki’ tsi’ nihatika:latuhe’ wʌhni’tatati","it is now Storytelling Moon","./audio/133.mp3"
134,"teyohsi:tute̲","longjohns","./audio/134.mp3"
135,"wata’klokwaskó: wʌhni’tatati","big snow moon","./audio/135.mp3"
136,"latikalatuhe’ wʌhni’tatati","storytelling moon","./audio/136.mp3"
137,"onyʌte’ laya’tunyá:tu","snowman (or he is made from snow)","./audio/137.mp3"
138,"lonatnekaklitslú:ni","the soup is made","./audio/138.mp3"
139,"teyeyʌtahlith̲a̲’","she is splitting(chopping) the wood","./audio/139.mp3"
140,"luwayʌslus tsi’kwilʌtu̲’","she is preparing the squirrel","./audio/140.mp3"
141,"nʌ lohsu la’tuslaké:tas","she has scraped all the fat off the raccoon","./audio/141.mp3"
142,"o’tusla laketas la’tuslaké:tas","he is scraping the raccoon pelt","./audio/142.mp3"
143,"luwayʌslus kwa’yʌh̲a̲’","skinning a rabbit","./audio/143.mp3"
144,"luwayʌslus ʌtílu̲","skinning a raccoon","./audio/144.mp3"
145,"ʌtilu laya’tahawe̲’","he is holding a raccoon","./audio/145.mp3"
146,"shakolihunyʌníhe’ ahutlístay̲ʌ̲’","he is teaching about trapping","./audio/146.mp3"
147,"yakote’wá:lute’ oskanútu̲","she is frying the deer meat","./audio/147.mp3"
148,"tehni’walulith̲a̲’","cut the meat","./audio/148.mp3"
149,"lowanikwʌsátahkwas oskanu:tu̲","draining the blood off the deer","./audio/149.mp3"
150,"lakahlostatáhkwas","he is gutting the deer","./audio/150.mp3"
151,"oskanu:tú laya’tihal̲e̲’","the deer is hanging","./audio/151.mp3"
152,"kayelihatut kwi ʌskuk","see you Thursday","./audio/152.mp3"
153,"hetsha’takénha’ yahashʌ thí:kʌ̲","you help carry that (item)","./audio/153.mp3"
154,"se’nikulalak thí:kʌ̲","be careful with that!","./audio/154.mp3"
155,"ha  o:nʌ̲","Go! or Action!","./audio/155.mp3"
156,"tsya tal o:nʌ̲","picture is ready","./audio/156.mp3"
157,"kaya’tálh̲a̲’","camera","./audio/157.mp3"
158,"Kahule’ ki’ khále’ onʌya ʌhunutste tsi’ lutó:lats","They are going to use a gun and bullets for their hunt.","./audio/158.mp3"
159,"Tah  yeya’akta kih lútsta̲","No, they are using the spear.","./audio/159.mp3"
160,"Lútsta káti kʌ nén kánhya̲’","Are they using the flint?","./audio/160.mp3"
161,"Hʌ tahnú: a’ʌna khále’ kayúkwile’ lútsta̲","Yes and they are using the bow and arrow.","./audio/161.mp3"
162,"Lutó:lats káti kʌ nén lʌnukweshúh̲a̲","Are the men hunting?","./audio/162.mp3"
163,"Hʌ wahatolátha’ kih","Yes he is going hunting.","./audio/163.mp3"
164,"Nʌ kʌ lató:lats nén lanikʌtluh̲a̲","Is the young man hunting?","./audio/164.mp3"
165,"ʌhayʌ́:sele̲’","To skin an animal.","./audio/165.mp3"
166,"kutilyo’shuh̲a̲","wild animals","./audio/166.mp3"
167,"Onʌya̲:","bullet","./audio/167.mp3"
168,"kahule̲’","gun","./audio/168.mp3"
169,"Kanhya̲’","flint","./audio/169.mp3"
170,"Yeya’akta̲","spear","./audio/170.mp3"
171,"kayú:kwile̲’","arrow","./audio/171.mp3"
172,"a’ʌna̲","bow","./audio/172.mp3"
173,"Lató:lats","He is hunting.","./audio/173.mp3"
174,"Lute: kwi tekahwistáne’ sʌ","They say it is also going to be icy.","./audio/174.mp3"
175,"Hʌ wé:ne kih tsi’ tyohkwislu yota’klokwʌ","yes, I think it is snowing quite hard.","./audio/175.mp3"
176,"Wé:ne tsi’ yota’klókwʌ","I think it’s snowing.","./audio/176.mp3"
177,"Hʌ tsi’ ki’ niyowelahwistu̲","Yes, the wind is really cold.","./audio/177.mp3"
178,"Nʌ kʌ tayotholati","Is it getting cold?","./audio/178.mp3"
179,"Hʌ wahutolatha’ kih","Yes, they are going hunting.","./audio/179.mp3"
180,"Lutó:lats kʌ nén kʌ’nitotiyʌsah","Are the young men hunting?","./audio/180.mp3"
181,"Yota’klokwʌhatyese̲’","Snowing off and on.","./audio/181.mp3"
182,"Yowelahwistu̲","cold wind","./audio/182.mp3"
183,"Teyohwiskwat","It is slippery.","./audio/183.mp3"
184,"Yohwisuti","They are ice pellets.","./audio/184.mp3"
185,"Kanye:yʌ̲","There is snow on the ground.","./audio/185.mp3"
186,"Tayohtsi’kláti","Clouds are coming.","./audio/186.mp3"
187,"Tayota’klokwʌháti","Snow is coming.","./audio/187.mp3"
188,"Tayotholáti","Cold (weather) is coming.","./audio/188.mp3"
189,"kutilyoh","wild animal","./audio/189.mp3"
190,"Luto:lats","They are hunting.","./audio/190.mp3"
191,"We:ne ki’ wah","I think so","./audio/191.mp3"
192,"Thokʌ wahse’ tsi’ tehútkwa̲’","Are you going to where they are dancing?","./audio/192.mp3"
193,"Kwa’nyohkwi: satshá:nit","Boy, you are a good worker!","./audio/193.mp3"
194,"Wakheya’takenhása’ nén kutikhú:ni̲h̲e̲’","I am going to help the cooks.","./audio/194.mp3"
195,"Wa’katahusatata’ ki’ nén kalihwí:yo̲","I am going to listen to the good message.","./audio/195.mp3"
196,"Hʌ  ok ni’í:se̲","Yes, how about you?","./audio/196.mp3"
197,"Kanuhsésne kʌ wáhse̲’","Are you going to the longhouse?","./audio/197.mp3"
198,"tetwatanʌhelá:tu","let us give thanks","./audio/198.mp3"
199,"kakhwa’shú:h̲a̲","different kinds of foods","./audio/199.mp3"
200,"kutikhu:níhe̲’","the cooks","./audio/200.mp3"
201,"tehútkwa̲’","dancers","./audio/201.mp3"
202,"kanuhelatúksla’","thanksgiving address","./audio/202.mp3"
203,"kalihwíy̲o̲","good message","./audio/203.mp3"
204,"kanushésn̲e̲","longhouse","./audio/204.mp3"
205,"kʌtyóhkwa̲","people","./audio/205.mp3"
206,"tehutanʌhelá:tuhe̲’","giving thanks","./audio/206.mp3"
207,"Yʌhʌshawe’ kʌ onu’usláko yetsistalakhwa̲’","Are you going to take a pumpkin lantern?","./audio/207.mp3"
208,"Hʌ wé:ne kwi laskan akwʌnya’ ʌkatse̲’","Yes I’m going to put on a skeleton costume.","./audio/208.mp3"
209,"Ʌsahste’ kʌ yohtlut akwʌnya’","Are you going to wear a scary costume?","./audio/209.mp3"
210,"Nʌ ki’ ya’kahewe’ nén ahalihwahsahw̲ʌ̲","It is now time to tell of the male responsibility.","./audio/210.mp3"
211,"Nʌ ki’ kanana’kene nʌ ya’kahewe’ ahutekhwaló:loke̲’","It is now fall or the start of the male season and it is time to have a feast.","./audio/211.mp3"
212,"yutkuhsolokta̲’","mask","./audio/212.mp3"
213,"ahsʌ niwashʌ uska","thirty first","./audio/213.mp3"
214,"tetyó:kalahse̲’","dark night","./audio/214.mp3"
215,"laskan","skeleton or ancestors gone ahead","./audio/215.mp3"
216,"onu’uslako:","pumpkin","./audio/216.mp3"
217,"yohtlut akwʌnya’","scary costume","./audio/217.mp3"
218,"lathʌtó:lihe̲’","scarecrow","./audio/218.mp3"
219,"yohsutáhtlut","halloween  or hallows eve","./audio/219.mp3"
220,"ʌhalihwahsahw̲ʌ̲","Tells of male responsibility.","./audio/220.mp3"
221,"wahutekhwaló:lok","They are having a feast.","./audio/221.mp3"
222,"kanana’ken̲e̲","starting of the male season or ""fall""","./audio/222.mp3"
223,"Tyutatlihunyʌní:tha’ wahne’","They are going to the school.","./audio/223.mp3"
224,"Kátsha’ nu: wá:ne’ tehniksa","Where are the two boys going?","./audio/224.mp3"
225,"Tyutekhunyá:tha’ wa’yako","We are going to the restaurant.","./audio/225.mp3"
226,"Kátsha’ nu: weso","Where are all of you going?","./audio/226.mp3"
227,"Tyutʌhni:núhe’ wa’yako","We are going to the store","./audio/227.mp3"
228,"Kátsha’ nu: wesene̲","Where are you two going?","./audio/228.mp3"
229,"Ukwehuwé:ne wáhke̲’","I am going to the reserve.","./audio/229.mp3"
230,"Kátsha’ nu: wáhse̲’","Where are you going?","./audio/230.mp3"
231,"Kanatá:ke ni: teknákehl̲e̲","I reside in town","./audio/231.mp3"
232,"Ukwehuwé:ne ni: teknákehl̲e̲","I reside on the reserve.","./audio/232.mp3"
233,"ukwehú:w̲e̲","original person","./audio/233.mp3"
234,"Kátsha' nu: tesnákehl̲e̲","Where do you reside?","./audio/234.mp3"
235,"Hʌ:  kwah nyo kwi: né: lohstelist","Yes, and he was funny.","./audio/235.mp3"
236,"Wahetshalóloke’ kʌ otsistóhkwa wahó:sele’ nén tékni teyokahkwʌtute̲’","Did you watch the clown ride the two wheeler?","./audio/236.mp3"
237,"Hʌ: é:so kih","Yes, there are a lot.","./audio/237.mp3"
238,"E:so kʌ kayá:lotu̲","Is there a lot of tents?","./audio/238.mp3"
239,"Tah  otsistohkwa ni: wa’kheyatloloke̲’","No, I watched the clowns.","./audio/239.mp3"
240,"Wahsatloloke’ kʌ nén kohsa:tʌs tekuleluhe’","Did you watch the horse races?","./audio/240.mp3"
241,"tékni teyokahkwʌ́:tute̲’","bicycle or two wheeler","./audio/241.mp3"
242,"otsistóhkwa","clown","./audio/242.mp3"
243,"tehutyelunyuhe̲’","performers","./audio/243.mp3"
244,"kakhwa’shuha̲","foods (many types)","./audio/244.mp3"
245,"kayalo:tu̲","tents","./audio/245.mp3"
246,"latiksa’shuha tehuleluhe’","children racing","./audio/246.mp3"
247,"kohsá:tʌs tekuleluhe’","race horses","./audio/247.mp3"
248,"Tah só:tsi’ yohsno:le tsi’ tewahkwatá:ses̲","No it goes around too fast.","./audio/248.mp3"
249,"Ihselhe’ kʌ a:satítan yakotsihalatenyatha̲’","Are you going on the twirl ride?","./audio/249.mp3"
250,"Hʌ́: swahyó:wane’ wá:yat i:kelhe’ takatna’talakʌ́:ni̲","Yes, I have an apple pie for the contest.","./audio/250.mp3"
251,"Sá:yʌ kʌ wá:yat tasatna’talakʌ́n̲i̲","Do you have a pie for the pie contest?","./audio/251.mp3"
252,"Hʌ: i:kelhe’ takatkʌnyéhsa’ atsyók","Yes, I want to go to the fair later.","./audio/252.mp3"
253,"Wa’tehshatkʌnyéhsa’ kʌ nu’uwa̲’","Are you going to the fair this time?","./audio/253.mp3"
254,"tehutkʌnyéhse̲’","fair","./audio/254.mp3"
255,"tasatkʌ́:ni̲","to enter a contest","./audio/255.mp3"
256,"lutita’asta̲","rides","./audio/256.mp3"
257,"yakotsihalatenyátha̲","the twirl ride","./audio/257.mp3"
258,"swahyó:wan̲e̲’","apple","./audio/258.mp3"
259,"kohsá:tʌs","horse","./audio/259.mp3"
260,"lutekhwaní:nuhe̲’","food vendors","./audio/260.mp3"
261,"lotinʌlahsluniháti","parade","./audio/261.mp3"
262,"Kwah ki’nok kayé: ní:ku̲","Just four of them","./audio/262.mp3"
263,"To: niku onu’usehle’ tʌkʌ:sel̲e̲’","How many pickles do you want me to peel?","./audio/263.mp3"
264,"Ne: kwí tʌ sla’wistakʌsehle’ onu’usehl̲e̲’","You should peel the cucumbers.","./audio/264.mp3"
265,"Tʌsatnu’uslahyo:tsiste’ kʌ","Are you going to make salted pickles?","./audio/265.mp3"
266,"Hʌ: ikelhe’ ki’ akatayalit yotshe’tʌ́:tu:h̲e̲’","Yes I want to can some pears.","./audio/266.mp3"
267,"ʌsatayalite’ kʌ nu’uwa̲’","Are you going to can fruit this time?","./audio/267.mp3"
268,"satá:yaliht","can fruit","./audio/268.mp3"
269,"tehsatnu’uhslahyo:tsiste̲’","make dill pickles","./audio/269.mp3"
270,"satahyátat","dry the fruit","./audio/270.mp3"
271,"swisto:kwanust káhik","freeze the fruit","./audio/271.mp3"
272,"tehsnu’slá:lit","cut up the cucumbers","./audio/272.mp3"
273,"sahyohale̲’","wash the fruit","./audio/273.mp3"
274,"ʌslihatet kahik","boil the fruit","./audio/274.mp3"
275,"tehsahyakʌ:sel̲","peel the fruit","./audio/275.mp3"
276,"katshetaku setan","put in the jar","./audio/276.mp3"
277,"snú:tek","put the lid on","./audio/277.mp3"
278,"yutekhwayʌ:he’ nikaha:w̲í̲:","storing food time","./audio/278.mp3"
279,"Hʌ: tahnuwi: wa’ketsyá:kʌ̲","Yes, and I worked very hard.","./audio/279.mp3"
280,"Hʌ: okni’ i:se̲’","Yes, did you?","./audio/280.mp3"
281,"Wa’tehsatu:kóhte’ kʌ","Did you graduate?","./audio/281.mp3"
282,"Tah ahsuki te’wakatya’tawihtsláyʌ tatnú:wa’ ʌyolhʌne’ kanatá:ke wa’yakne’ aknúlha","No I don't have a dress yet maybe tomorrow my mother and I are going uptown.","./audio/282.mp3"
283,"Nʌ kʌ sá:yʌ: atyá:tawiht tsi’ káyʌ satstá:n̲e̲’","Do you have a dress yet that you are going to wear?","./audio/283.mp3"
284,"Né: tho:ne’ kwi: tehutkwáne’ tsi’ tyutatlihunyʌnitha̲’","They will have a dance at the school.","./audio/284.mp3"
285,"Ne: ka’i:kʌ nikaha:wi nale’ wa’kwatolishʌ yakwatayatha̲’","This is the time of the year that the students take a holiday from school.","./audio/285.mp3"
286,"ka’slehtés","limousine","./audio/286.mp3"
287,"Wa’ketsyá:kʌ̲","I worked very hard","./audio/287.mp3"
288,"Atyá:tawiht","a dress","./audio/288.mp3"
289,"Wa’tesatkwá:na’ kʌ","are you going to the dance?","./audio/289.mp3"
290,"Tehutkwan̲e̲’","they are having a dance","./audio/290.mp3"
291,"Wa’tyutú:kote̲’","she graduated","./audio/291.mp3"
292,"Wa’thatú:kote̲’","he graduated","./audio/292.mp3"
293,"Wa’tesatú:kote̲’","you graduated (passed a grade)","./audio/293.mp3"
294,"Lutawyáth̲a̲","the students","./audio/294.mp3"
295,"Wahutolíshʌ̲’","they rest","./audio/295.mp3"
296,"Nʌ kʌ thoha nʌ: ʌwahyʌtane̲’","Are the berries almost done?","./audio/296.mp3"
297,"Wé:ne ʌwá:tu é:so ʌkayako̲","I guess I can pick a lot of berries.","./audio/297.mp3"
298,"Khále’ niwahyowanʌse̲’","And the berries are real big.","./audio/298.mp3"
299,"Tahnu wé:ni tsi’ niyotahyú:ni̲","It looks like there are a lot of berries.","./audio/299.mp3"
300,"Ni:yót ni:yohahe:súse̲’","Look at the long rows","./audio/300.mp3"
301,"Hʌ: tahnu: tsi’ nikahʌtowá:n","Yes, and it is a big field","./audio/301.mp3"
302,"Wahsatkatho’ kʌ i:si’ nukwa tkahʌtayʌ nén awʌhihte̲’","Do you see the strawberry field over there?","./audio/302.mp3"
303,"ʌswisto:kwanuste̲’","freeze them","./audio/303.mp3"
304,"kʌ’ niwahya:sa’","small berries","./audio/304.mp3"
305,"uyʌ:tane̲’","berries are done","./audio/305.mp3"
306,"teyohyahyotsis","sour fruit","./audio/306.mp3"
307,"ʌsata:yálite̲","can fruit","./audio/307.mp3"
308,"wa’katnan̲e̲’","I filled (a basket)","./audio/308.mp3"
309,"ashé:nute̲","basket","./audio/309.mp3"
310,"yohahe:súse̲̲’","long rows","./audio/310.mp3"
311,"Kahʌtowá:n","big field","./audio/311.mp3"
312,"kahʌ:táyʌ̲","field","./audio/312.mp3"
313,"Wé:ne tsi’ nʌ kukwité:ne tsi’ nʌ é:so yontlatute’ nén kalutó:tu̲","it must be springtime because there are a lot of leaves on the trees.","./audio/313.mp3"
314,"O’nu:wa: kʌ ʌsátste’ nén ʌsata’slú:ni̲","are you going to use the strips of black ash when you make a basket?","./audio/314.mp3"
315,"Takʌ ʌtesahítyak tho ká:yʌ nén o:nhahte̲’","don’t trip on the branch laying there.","./audio/315.mp3"
316,"Wé:ne tsi’ latunyá:ne’ nén wáhta óshes","I guess he’s going to make maple syrup","./audio/316.mp3"
317,"Laksótha wahahkalotʌ nén wáhta kalútote̲’","my grandfather tapped the maple tree.","./audio/317.mp3"
318,"Né: kʌ nén kwah ok thikuné:se’ ótsitsi","is it the wild flowers?","./audio/318.mp3"
319,"Hao’ tsi’ kalhayʌ’ yeheten tnitsi’tsyakóna̲","let’s go to the forest to gather flowers.","./audio/319.mp3"
320,"óshes","sap or syrup","./audio/320.mp3"
321,"kalutó:tu̲:","group of trees","./audio/321.mp3"
322,"kelhíhte̲’","forest trees","./audio/322.mp3"
323,"o’nú:w̲a̲:","strips of black ash","./audio/323.mp3"
324,"ká:nʌhe̲’","seed","./audio/324.mp3"
325,"kaská:wayʌ̲’","bushes","./audio/325.mp3"
326,"onláhte̲’","leaf","./audio/326.mp3"
327,"kalhayʌ’","forest","./audio/327.mp3"
328,"o:nháhte̲’","unattached branch","./audio/328.mp3"
329,"yo'nháhtot̲e̲’","attached branch","./audio/329.mp3"
330,"Takʌ só:tsi’ akta nyʌhʌse’ tsi’ tkalutóte’ nén aslók","don’t go near the thorn tree.","./audio/330.mp3"
331,"Hʌ  né: ki’ kanutunyúhe̲’","yes, I’m thinking about it.","./audio/331.mp3"
332,"Ok nén wihsu ʌsatayalíte’ kʌ nʌ né:","what about the plums, are you going to can them?","./audio/332.mp3"
333,"Hao’ ki’wah tho’nʌ ʌtyatayálite̲’","ok then we will can it.","./audio/333.mp3"
334,"Hao’ kwi tyahyaka tsi’ tkalutote’ nén e:lí̲","come, lets get the fruit from the cherry tree.","./audio/334.mp3"
335,"Tah yah kwi te’wakanúhte̲","no, I didn’t know","./audio/335.mp3"
336,"Sanúhte’ kʌ tsi’ lutitslunyatha’ nén tekanʌ’takwʌhtʌ̲","do you know that they make tea from cedar?","./audio/336.mp3"
337,"tsiláhsal","ironwood","./audio/337.mp3"
338,"yonahsa’kʌ́slal̲e̲’","spruce","./audio/338.mp3"
339,"o’ne:yál","beech","./audio/339.mp3"
340,"ohnakʌhsa̲’","white birch","./audio/340.mp3"
341,"aslók","thorn","./audio/341.mp3"
342,"wíhsu̲’","plum","./audio/342.mp3"
343,"kanʌ’tú:sa’","hemlock pine","./audio/343.mp3"
344,"tsyohsó:kwes","butternut","./audio/344.mp3"
345,"e:lí̲","cherry","./audio/345.mp3"
346,"tekanʌ’takwʌ́htʌ̲’","cedar","./audio/346.mp3"
347,"Washeyatló:loke’ kati’ kʌ nén tsistoka’tá:n̲e̲’","Did you watch the fireflies?","./audio/347.mp3"
348,"Wa’keyatló:loke’ nén kana:wʌ: kʌ’ latityenutyese̲’","I watched the butterflies flying around.","./audio/348.mp3"
349,"Yah kati’ kʌ otsi’nuhwahé:ta̲’","isn’t it the earthworm","./audio/349.mp3"
350,"Sanúhte’ kʌ na’katsi’nuyótʌ lutsta nʌ ukuyohkawinésa̲’","Do you know what kind of insect they use when they go fishing?","./audio/350.mp3"
351,"Kwa’nyo lotityohkwanʌ nén okalyahtá:ne̲’","There are sure a lot of mosquitoes.","./audio/351.mp3"
352,"Nok ʌwá:tu ʌsehnikúlalake takʌ’ tʌyawe’est tsinuhnehklís","You have to be careful that the bee doesn't sting you.","./audio/352.mp3"
353,"Né: kwi: nu’u:wa ʌyethina’tuni  tsyokna’katsi’nuyotʌse̲’","We will name the different kinds of insects","./audio/353.mp3"
354,"watlʌ:náyʌhe̲’","praying mantis","./audio/354.mp3"
355,"otsi’nuwahéta̲’","earthworm","./audio/355.mp3"
356,"tsistoka’tá:ne̲’","firefly","./audio/356.mp3"
357,"slíkslik","cricket","./audio/357.mp3"
358,"okalyahtá:ne̲’","mosquito","./audio/358.mp3"
359,"tsistalak","grasshopper","./audio/359.mp3"
360,"onhwalá:n̲e̲’","caterpiller","./audio/360.mp3"
361,"kana:wʌ̲́:","butterfly","./audio/361.mp3"
362,"tsinuhnéhklis","bee","./audio/362.mp3"
363,"tsi’nhutstókhwi̲’","ant","./audio/363.mp3"
364,"Wa’eskalakone’ kʌ nén sanulha","Is your mother going to pick flax?","./audio/364.mp3"
365,"Wahsahyaka’ káti’ kʌ nén shá:yese̲’","Are you going to pick thimbleberries?","./audio/365.mp3"
366,"Hʌ thonʌ wá:yat ʌkatú:ni̲","Yes, then I am going to make pie.","./audio/366.mp3"
367,"Wahsahyaka kʌ  alá:sek","Are you going to pick elderberries?","./audio/367.mp3"
368,"Né: ki’ tat sahsaka khále’ satholyahslyúse̲","it’s for coughs and if you have a cold.","./audio/368.mp3"
369,"Náhte’ né: yotlihute̲","What is it used for?","./audio/369.mp3"
370,"Hao’ kwi tnikó:na nén onunó:li̲:","lets go get some sweet flax","./audio/370.mp3"
371,"ohté:la̲’","root","./audio/371.mp3"
372,"kanʌhe̲’","seed","./audio/372.mp3"
373,"okuhsyu:ta̲","sunflower","./audio/373.mp3"
374,"ohyu:kwál̲a̲’","thistle","./audio/374.mp3"
375,"óskal̲e̲’","flax","./audio/375.mp3"
376,"ala:sék","elderberry","./audio/376.mp3"
377,"otshohkhwi̲","blueberry","./audio/377.mp3"
378,"teyothutá:ktu̲","blackcap","./audio/378.mp3"
379,"shá:yese̲’","thimbleberry","./audio/379.mp3"
380,"Tsi’  niwaku’weskwanihe’ nén  akeyatloló:ke’ nén laulau tho latityenutyese̲’","I like to see the hummingbirds flying around.","./audio/380.mp3"
381,"Hʌ nok tsi’ yah ki’ nuwʌtu te’wake’waláku","yes but I have never eaten the meat","./audio/381.mp3"
382,"Nʌ kʌ né: nʌwʌtu shekʌ nén kwah ok thikuné:se’ skawiló:wan̲e̲’","did you ever see the wild turkey?","./audio/382.mp3"
383,"Hʌ thoki’ Springbank thunése’","yes they are at the Springbank","./audio/383.mp3"
384,"Nʌ kʌ nise: nʌwʌtu hetskʌ nén wa’kohseskó:","did you ever see the peacock?","./audio/384.mp3"
385,"Wé:ne kwi tsiskó:ko","I guess the robin","./audio/385.mp3"
386,"Náhte’ ne na’katsi’tʌslotʌ kwah tyotyelʌtu ʌswawe’ nʌ́: kukwí:te̲","what is the first bird to return in the spring?","./audio/386.mp3"
387,"wa’kohseskó","peacock","./audio/387.mp3"
388,"skawiló:wane̲’","turkey","./audio/388.mp3"
389,"kalhakú:h̲a̲","chicken hawk","./audio/389.mp3"
390,"ká:ka’","crow","./audio/390.mp3"
391,"kwaló:lu̲","owl","./audio/391.mp3"
392,"Tekahnekákhwa̲:","swallow (a bird)","./audio/392.mp3"
393,"kanata’kékha","sparrow","./audio/393.mp3"
394,"tsiskó:ko’","robin","./audio/394.mp3"
395,"otsi’nkwalá","goldfinch","./audio/395.mp3"
396,"Laulau","hummingbird","./audio/396.mp3"
397,"Ok nén kohkwá:e","what about the quail or bobwhite?","./audio/397.mp3"
398,"Onikwʌhtala: ki’ nén kohslakweku kʌ’ lʌ:nése̲’","cardinals stay here all winter.","./audio/398.mp3"
399,"Náhte’ káti’ né: na’katsi’tʌ’slotʌ kʌ’ kunese’ kohslakwé:ku̲","what kind of birds stay all winter?","./audio/399.mp3"
400,"Talu’kó: kwi nén ʌti nyekunese’ nʌ kanana’kene̲","Ducks go south in the fall.","./audio/400.mp3"
401,"Náhte’ káti’ né: na’katsitʌ’slotʌ’ nén ʌti nukwá nyekunese’ nén kananakene̲","what kind of birds go south in the fall?","./audio/401.mp3"
402,"Né: ki’ nén atú:nyote’ kwah tkuwalihowanáhtu","it is the eagle they hold most high","./audio/402.mp3"
403,"Náhte’ na’katsi’tʌ sló:tʌ kwah tkuwalihowanáhtu nén Onʌyota’a:ka","What bird do Oneida people hold most high?","./audio/403.mp3"
404,"tawistáwi̲","kildeer","./audio/404.mp3"
405,"olí:te̲:","mourning dove","./audio/405.mp3"
406,"atú:nyote̲’","eagle","./audio/406.mp3"
407,"talu’kó","duck","./audio/407.mp3"
408,"lalutastohoksha̲","woodpecker","./audio/408.mp3"
409,"kohkwá:e","bobwhite or quail","./audio/409.mp3"
410,"klikli","bluejay","./audio/410.mp3"
411,"onikwʌhtala","cardinal","./audio/411.mp3"
412,"taluló:lu̲","bluebird","./audio/412.mp3"
413,"kahúk","wild goose","./audio/413.mp3"
414,"Sanúhte’ kʌ to:nihoti’taláke nén Onʌyota’a:ka̲","Do you know how many clans Oneida people have?","./audio/414.mp3"
415,"Hao’ kwi tasna’tuni nén tsi’ nihoti’taló:tʌse̲’","You name the clans then","./audio/415.mp3"
416,"Hao’  ohkwá:li  a’nó:wal khále’ othayú:ni̲","Ok, bear, turtle and wolf","./audio/416.mp3"
417,"Sanúhte’ káti’ kʌ tsi’ sanulha tsi’ nityakotwatsilí:nu né: katáti","Do you know that you follow your mother’s line?","./audio/417.mp3"
418,"Teyotuhutsyu kwi né: ahonanuhteke’ ka’i:kʌ nén ukwahwá:tsile̲’","Our families should know this","./audio/418.mp3"
419,"otala'shúh̲a̲","clans","./audio/419.mp3"
420,"watahsatalha̲'","television","./audio/420.mp3"
421,"atekhwahlakhwa̲’","table","./audio/421.mp3"
422,"tsi' yekunya'takhwa̲’","stove","./audio/422.mp3"
423,"tsi’ yelatʌstakhwa̲’","steps or stairs","./audio/423.mp3"
424,"yutkʌhakwʌhtalhó:tha̲’","rug","./audio/424.mp3"
425,"tsi’ yutolishʌtakhwa̲’","couch or lounge","./audio/425.mp3"
426,"tsi’ yenʌhale’taynukhwa̲’","laundry room","./audio/426.mp3"
427,"yetsistotakhwa̲’","lamp","./audio/427.mp3"
428,"tsi’ yekunyatha̲’","kitchen","./audio/428.mp3"
429,"uhutu yonhoka:lute̲’","front door","./audio/429.mp3"
430,"tsi’ yutekhwawistotakhwa̲’","fridge","./audio/430.mp3"
431,"tsi’ lutekunyatha̲’","dining room","./audio/431.mp3"
432,"tsi’ yutslunyakwihalákhwa̲’","coat rack","./audio/432.mp3"
433,"yelistalhó:tha̲’","clothes iron","./audio/433.mp3"
434,"yutslunyakwihalakhwa̲’","closet","./audio/434.mp3"
435,"anitskwalakhwa̲’","chair","./audio/435.mp3"
436,"wa’shalowá:n","butcher knife","./audio/436.mp3"
437,"tsi’ yunuwehtsta̲’","bedroom","./audio/437.mp3"
438,"ka:nákte̲’","bed","./audio/438.mp3"
439,"ohnákʌ’ yonhoka:lute̲’","back door","./audio/439.mp3"
440,"Watlu’ niyowista:e tsi’ niyole: ahsʌ swatye:lʌ kayé:  ","9:00 until 3:00 sometimes 4:00","./audio/440.mp3"
441,"Ohniyotuhati nu’ú:wa̲’ ","What’s going on today?","./audio/441.mp3"
442,"elhúwa kateyʌtet ","(just now) new learner","./audio/442.mp3"
443,"Watsyok ʌtutaoyʌte̲","the speakers will be coming in today","./audio/443.mp3"
444,"Katsi’tsyókwas khále’ Kanʌhlʌt kʌ íknehse’ nu’úwa̲ ","Katsi’tsyókwas and Kanʌhlʌt are here today","./audio/444.mp3"
445,"Í:selhe’ kʌ Twatéyʌtet Onʌyota’á:ka̲  ","Do you want an Oneida Lesson book?","./audio/445.mp3"
446,"Yah te waki ","I don't have any","./audio/446.mp3"
447,"tewakenhala:u","I am busy","./audio/447.mp3"
448,"tyotkút tewakenhala:u ukwehu:wehneke","I am always busy with the language","./audio/448.mp3"
449,"E:so ukyatakenha’ ukwehuwehne:ke akatwanú:tak","It helps me speak Oneida","./audio/449.mp3"
450,"E:so waki tsyok náhte’shu ukwehuweneke kaya:tale̲","I have lots of things for our language(pictures)","./audio/450.mp3"
451,"tʌyakwatahyá:lihte̲’","we will have strawberries","./audio/451.mp3"
452,"ʌyokalawe̲’","tonight","./audio/452.mp3"
453,"ʌkatá:yalihte̲’","for me to can","./audio/453.mp3"
454,"ʌsata:yalíte̲’","for you to can","./audio/454.mp3"
455,"ʌyolhʌne̲","tomorrow","./audio/455.mp3"
456,"kawistokwanʌsta̲","freezer","./audio/456.mp3"
457,"ʌkwisto:kwanʌste̲’","I will freeze it","./audio/457.mp3"
458,"kʌtyohkwá:nʌ̲","a lot of people","./audio/458.mp3"
459,"Atsyók wakahyákha’ awʌhíhte’ ʌwá:tu tʌ:yakwatahyá:lite’ ʌyokalawe̲’","I am going to pick strawberries afterwhile so that we can have some tonight","./audio/459.mp3"
460,"Okna’ kʌ yohyáli̲","are the berries ripe already?","./audio/460.mp3"
461,"Hʌ́: nʌki’ yohyáli̲","Yes the berries are ripe","./audio/461.mp3"
462,"Wé:ni kwi: ʌyolhʌne’ ni: ʌkahyakha I:sʌ takatahyalihte̲’","I guess I will go and pick berries tomorrow so I can have some berries too.","./audio/462.mp3"
463,"I:kelhe’ sʌ tohka nikanutotslake akwistokwanʌste’ ok’ni’i:se̲’","I want to freeze a few boxes, what about you?","./audio/463.mp3"
464,"Yah ki' ni: teyukwáyʌ kawisto’kwanʌsta̲  Wé:ni kwi: ʌkatá:yalihte’ ni’ i:","we don't have a freezer, so I have to can mine","./audio/464.mp3"
465,"Kʌtyohkwanʌ kyu’utewí:ne latiwisto’kwanʌsta tsyok nahohte̲","I guess a lot of people freeze almost anything","./audio/465.mp3"
466,"awʌhíhte̲’","strawberry","./audio/466.mp3"
467,"wakhyatuhslú:nti","i lost my card (paper)","./audio/467.mp3"
468,"yotóktani: akhyatuhsehli̲","it expired (my card)","./audio/468.mp3"
469,"a:sé usaskhuni","make me a new one","./audio/469.mp3"
470,"tewakatuhutsyoní status card","I need my status card","./audio/470.mp3"
471,"í:kelhe’ akhwistako","I want to get my money","./audio/471.mp3"
472,"í:kelhe’ akalyákha wakatkaló:t","I want to pay my bill","./audio/472.mp3"
473,"í:kehle’ thoyaukyatuhslú:ti̲","I want to put these papers in (to finance for example)","./audio/473.mp3"
474,"snanhú: ka’í:kʌ kayatuhsehli̲","you fill out this paper","./audio/474.mp3"
475,"tasataoyát","enter (come on in)","./audio/475.mp3"
476,"isi’ yonhakalú:te̲","there is the door","./audio/476.mp3"
477,"náhte’ tesatuhútsyoni̲","what do you need?","./audio/477.mp3"
478,"satnutút nyá:lek̲w̲e̲","wait a minute","./audio/478.mp3"
479,"luwatiya’takenhas","he or she is helping them","./audio/479.mp3"
480,"ʌwatú:kʌ akuya’takenha̲’","can I help you?","./audio/480.mp3"
481,"shekoli skʌna’kó: kʌ́","hello, are you at peace?","./audio/481.mp3"
482,"kheya'takenhas ukwe:hu:we̲","helping the original people","./audio/482.mp3"
483,"wahsakayu:tese̲’","thundering","./audio/483.mp3"
484,"luhyohkawí:nese̲’","they are fishing","./audio/484.mp3"
485,"latitsyayé:nas","they are catching fish","./audio/485.mp3"
486,"kayʌhakta","near the river","./audio/486.mp3"
487,"aslí:ye̲","string","./audio/487.mp3"
488,"nʌ ki’ kukwité:ne  nʌ ya’kahewe’ tsi’ nihuyohkawiné:se̲","it is now spring, it is time to fish","./audio/488.mp3"
489,"Sanúhte’ kʌ náhte’ lutsta nʌ uhoyóhkawin̲e̲","do you know what they use when they fish?","./audio/489.mp3"
490,"hʌ asliyé: kʌs ataslá:ke wahʌnohalʌ̲","yes they put a string on a stick","./audio/490.mp3"
491,"su’weskwanihe’ kʌ nise: asahyohkawin̲e̲","do you like (enjoy) to fish?","./audio/491.mp3"
492,"hʌ  tatki’ wʌhnisli:yo̲","yes if it is a nice day","./audio/492.mp3"
493,"katsha’ kʌs nu: wahsayohkawinesa̲’","where do you go to fish?","./audio/493.mp3"
494,"tho ki' kahyʌhaku̲","at the river","./audio/494.mp3"
495,"áhta’ né: ka’í:kʌ̲","this is a shoe or boot","./audio/495.mp3"
496,"aná:lole’ né: ka’í:kʌ̲","this is a hat","./audio/496.mp3"
497,"kohsla’kekha’ atslunyá:k̲h̲w̲a̲’","winter clothing","./audio/497.mp3"
498,"kohsla’kekha’ atyá:tawiht","winter jacket","./audio/498.mp3"
499,"kohsla’kekha’ a’nhuskwál̲h̲a̲’","winter pants","./audio/499.mp3"
500,"a'nyá:nawʌ̲","glove","./audio/500.mp3"
501,"yunihtyákta̲","scarf","./audio/501.mp3"
502,"Onʌyota’a:ká: niwakuhutsyó:tʌ̲","Oneida is my nation","./audio/502.mp3"
503,"Thiwésa is my name","Thiwésa ní: yukyáts","./audio/503.mp3"
504,"ohkwalí niwaki’taló:tʌ̲","bear is my clan","./audio/504.mp3"
505,"Onʌyota’a:ká: ukwehuwé:ne nú: teknakéhl̲e̲’","Oneida reserve is where I live","./audio/505.mp3"
506,"Clara yohatati tsi' nú: teknakéhl̲e̲’","Clara road is where I live on","./audio/506.mp3"
507,"Tsyá:tak niwashʌ watlu’ na’tewakohsliyá:ku̲","seventy nine is how old I am","./audio/507.mp3"
508,"Onʌyota’á:ka Lutwʌnutakhwa’ Kʌtyohkwayʌ tsi’ nú: yekatawyá:th̲a̲’","Oneida Language Centre is where I go to school","./audio/508.mp3"
509,"Lillian yutatyáts aknulha","Lillian is my mother’s name","./audio/509.mp3"
510,"Joseph luwa:yáts lake’nih̲a̲","Joseph is my father’s name","./audio/510.mp3"
511,"Sophie né: yutatyáts aksóth̲a̲","Sophie is  my grandmother’s name","./audio/511.mp3"
512,"Sandy né: luwa:yáts laksóth̲a̲","Sandy is my grandfather's name","./audio/512.mp3"
513,"tho ya’sa:tí kana:tsyaku̲","you put it in the pot","./audio/513.mp3"
514,"tho ya’sa:tí ate’skutakhwá:slaku̲","you put it in the frying pan","./audio/514.mp3"
515,"swayʌ́tako:n̲a̲’","you 3 get more wood","./audio/515.mp3"
516,"o:yʌte̲","wood","./audio/516.mp3"
517,"salha:lé: kʌ","are you ready?","./audio/517.mp3"
518,"ʌse’nikú:lalak","you will keep watch!","./audio/518.mp3"
519,"ate’skutákhw̲a̲’","frying pan","./audio/519.mp3"
520,"yona'talastátu̲","crackers","./audio/520.mp3"
521,"koskos o’wá:l̲u̲’","bacon or ham (pig meat)","./audio/521.mp3"
522,"kanʌstóhale̲","cornbread","./audio/522.mp3"
523,"yonukwalahní:lʌ̲","cheese","./audio/523.mp3"
524,"teka’walahlihtu","(ground) chopped meat","./audio/524.mp3"
525,"ola:n̲á̲","cornsoup","./audio/525.mp3"
526,"tekantlahtayestu̲","salad","./audio/526.mp3"
527,"tehsa’nhuskwa’lho:lók","you put your pants on","./audio/527.mp3"
528,"sa’nhuskwá:lh̲a̲’","your pants","./audio/528.mp3"
529,"a’nhuskwá:lh̲a’","pants","./audio/529.mp3"
530,"wahíyu̲","I gave (or give) to him","./audio/530.mp3"
531,"wa'kheyu̲","I gave (or give) to her","./audio/531.mp3"
532,"salha:lé: kʌ","are you ready?","./audio/532.mp3"
533,"watyokwalunyá:tu o’wa:l̲u̲","smoked meat","./audio/533.mp3"
534,"salú:tat","you shoot","./audio/534.mp3"
535,"onʌ:ya̲","bullets","./audio/535.mp3"
536,"yutlistayʌta:khwa̲’","traps","./audio/536.mp3"
537,"kohslake:ne̲’","winter","./audio/537.mp3"
538,"kayu:kwíl̲e̲’","arrow","./audio/538.mp3"
539,"a’ʌ:ná̲","bow","./audio/539.mp3"
540,"káhul̲e̲’","gun","./audio/540.mp3"
541,"shekoli Barbara ní: yukyats","hello, my name is Barbara","./audio/541.mp3"
542,"náhte’ yesa:yáts","what is your name?","./audio/542.mp3"
543,"yah te’wakata’kalíte̲","I am not well","./audio/543.mp3"
544,"wakata’kalité: ki","I am well","./audio/544.mp3"
545,"sata’kalíte: kʌ","are you well?","./audio/545.mp3"
546,"shekoli ohniyotuháti","hello, how’s it going?","./audio/546.mp3"
547,"wakatshanu:ní tsi’ sakúk","I am happy to see you","./audio/547.mp3"
548,"sʌnʌsliyóste̲’","(you) have a good day","./audio/548.mp3"
549,"nʌki’wah","see you again (goodbye)","./audio/549.mp3"
550,"atyanlúhsla’","ghost","./audio/550.mp3"
551,"tho’nʌ:","next","./audio/551.mp3"
552,"yakukwehuwé̲","original person female","./audio/552.mp3"
553,"lukwehuwé̲","original person male","./audio/553.mp3"
554,"ukwehuwé̲","original person","./audio/554.mp3"
555,"ʌtekheyú: náhte’ wakí","I will give it to them what I have","./audio/555.mp3"
556,"katukwe’tiyóstha’ tyótkut","I always try to be a good person","./audio/556.mp3"
557,"kheya’takénhas","I help them or her","./audio/557.mp3"
558,"Oskanhe’ yukniyo:té: nen teyakyatátisnye","together the two of us work we take care of each other","./audio/558.mp3"
559,"Tyótkut tewaktíhʌ nen akwa:tsil̲é̲","always I care about my family","./audio/559.mp3"
560,"ni’ khenolúkhwa akwa:tsil̲é̲","I love my family","./audio/560.mp3"
561,"Shekolí tsi’ ni wakatshánu:ni̲","hello I am so happy","./audio/561.mp3"
562,"laksótha̲","my grandfather","./audio/562.mp3"
563,"aksótha̲","my grandmother","./audio/563.mp3"
564,"né: ka’í:kʌ aknulhá","this is my mother","./audio/564.mp3"
565,"né: ka’í:kʌ lake’niha̲","this is my father","./audio/565.mp3"
566,"úhka’ sanulhá","who is your mother?","./audio/566.mp3"
567,"úhka’ náhte’ ya’níha̲","who is your father?","./audio/567.mp3"
568,"úhka’ ka’í:kʌ̲","who is this?","./audio/568.mp3"
569,"né: ka’í:kʌ laowá:tsil̲e̲’","this is his family","./audio/569.mp3"
570,"né: ka’í:kʌ akohwá:tsil̲e̲’","this is her family","./audio/570.mp3"
571,"né: ka’í:kʌ sahwá:tsil̲e̲’","this is your family","./audio/571.mp3"
572,"né: ka’í:kʌ akhwá:tsil̲e̲’","this is my family","./audio/572.mp3"
573,"akohwá:tsile’ ka’í:kʌ̲","her family, this is","./audio/573.mp3"
574,"laotshe:nʌ̲́:","his pet","./audio/574.mp3"
575,"akotshe:nʌ̲́:","her pet","./audio/575.mp3"
576,"satshe:nʌ̲́:","your pet","./audio/576.mp3"
577,"akitshe:nʌ̲́:","my pet","./audio/577.mp3"
578,"laowá:tsile̲’","his family","./audio/578.mp3"
579,"akowá:tsile̲’","her family","./audio/579.mp3"
580,"sahwá:tsile̲’","your family","./audio/580.mp3"
581,"akhwá:tsile̲’","my family","./audio/581.mp3"
582,"Se’nikulalak tsi’ ní:yot tsi’ ʌhetsya’tahawe̲’","you be careful with the baby","./audio/582.mp3"
583,"tekawiláke̲’","two babies","./audio/583.mp3"
584,"kʌ’ nikawí:la né: ka’í:kʌ̲","this is a baby","./audio/584.mp3"
585,"loslʌ́htalahse̲’","he is a sleepy baby","./audio/585.mp3"
586,"nyoh wí: laksa’tiyo̲","he is a nice looking baby boy","./audio/586.mp3"
587,"lonu’utste̲’","he has no hair","./audio/587.mp3"
588,"na’tehakahlí:yose̲’","he has nice eyes","./audio/588.mp3"
589,"lonuhkwíslehs","he has lots of hair","./audio/589.mp3"
590,"lonuhwaktánihe̲’","he is sick","./audio/590.mp3"
591,"lota’kalí:te̲","he is healthy","./audio/591.mp3"
592,"lolehse̲","he is fat","./audio/592.mp3"
593,"owilá:se̲:’","new baby","./audio/593.mp3"
594,"kʌ’ nú:kwa hetshátleha̲’","here is your grandson","./audio/594.mp3"
595,"Hʌ: wakí kiwah nʌ’ne: tekawistake’ ne: nikanol̲u̲","Yes I have some, it costs $2.00","./audio/595.mp3"
596,"Ok’nén onʌ́ste’ yunyá:tu","what about corn chips?","./audio/596.mp3"
597,"Hʌ: skawistat tsya:tak níwashʌ kwenis nikanol̲u̲","Yes, it costs $1.70","./audio/597.mp3"
598,"Ok’nén teyonutatkitslale’shuha’ sáyʌ: kʌ nʌ’ne:","what about candy? do you have some?","./audio/598.mp3"
599,"Hʌ: waknatala yʌ’ ki ahsʌ nikahwistake’ nikanol̲u̲’","Yes I have bread $3.00 is what it costs","./audio/599.mp3"
600,"sáyʌ: kʌ kanatalok aukuhní:nu̲’","Have you got bread? I would buy it.","./audio/600.mp3"
601,"teyonutatkitslale’shuh̲a̲","candies or any sweets","./audio/601.mp3"
602,"onʌste’ yunyá:tu","it is made from corn","./audio/602.mp3"
603,"téhsekhw̲e̲’","you pick it up","./audio/603.mp3"
604,"aukoha:lʌ́ otsinehtál̲a̲","I would put the bead on","./audio/604.mp3"
605,"aukoha:lʌ́’ katsi’kohal","I would put it on the safety pin","./audio/605.mp3"
606,"ʌhsoha:lʌ̲́:","you will put it on","./audio/606.mp3"
607,"testsikotalhu̲","you close it","./audio/607.mp3"
608,"katsi’kohal","safety pin","./audio/608.mp3"
609,"otsinehtál̲a̲’","bead","./audio/609.mp3"
610,"í:hsle’ kʌ’ sheku usasnikil̲a̲’","do you want more to drink?","./audio/610.mp3"
611,"í:hsle’ kʌ’ ______","do you want __(bread)__?","./audio/611.mp3"
612,"náhte’ né: thí:kʌ̲","what is that?(just pointing to something)","./audio/612.mp3"
613,"náhte’ né: ka’í:kʌ̲","what is this? (holding object)","./audio/613.mp3"
614,"sheku né: satsí:l̲u̲","you say it again(repeat it)","./audio/614.mp3"
615,"náhte’ ʌkilu’  _______?","how will I say _____?","./audio/615.mp3"
616,"náhte’ asilu ______?","how would you say _(english word here)___?","./audio/616.mp3"
617,"wáhta̲’","maple tree","./audio/617.mp3"
618,"kantlu'","white ash tree","./audio/618.mp3"
619,"ohnéta̲’","evergreen tree","./audio/619.mp3"
620,"onú:kala̲’","hickory tree","./audio/620.mp3"
621,"ohó:sela̲’","basswood tree","./audio/621.mp3"
622,"o’né:yal","beech tree","./audio/622.mp3"
623,"awʌhaníkwal","soft maple tree","./audio/623.mp3"
624,"kahuwé:ya̲:","black ash tree","./audio/624.mp3"
625,"ohnakʌhsa̲’","white birch tree","./audio/625.mp3"
626,"yotnakalatá:se̲","blue birch tree","./audio/626.mp3"
627,"Náhte’ na’kalutotʌ nén oshes khále’ onutakehli’ tsi’ nitkúnese̲’","What kind of tree does the syrup and sugar come from?","./audio/627.mp3"
628,"Tho kwi né: newé:ne tsi’ wahta̲’","it is obvious its the maple tree","./audio/628.mp3"
629,"Náhte’ káti’ né: na’kalutotʌ’ nén yuta’aslunyata̲’","What kind of tree do you make baskets with?","./audio/629.mp3"
630,"Yah káti’ kʌ kahuwé:ya̲:","Isn’t it the black ash?","./audio/630.mp3"
631,"Náhte’ káti’ né: na’kalutotʌ twalutota’ nʌ wʌhnislowá:n","What kind of tree do we put up at the big day or christmas?","./audio/631.mp3"
632,"Wé:ne kwi ohnéhta̲’","I guess it is the evergreen","./audio/632.mp3"
633,"Waksohkwalukóna ki’ tsi’ tkalutote’ nen onú:kala̲’","I am going to gather nuts at the hickory tree","./audio/633.mp3"
634,"Owisá:ke né: tehonatwiskwa’tuháti latiksa’shúh̲a̲","The children are sliding on the ice.","./audio/634.mp3"
635,"Wahsatlolóka’ kʌ owisá:ke tehutshikwa’eks","Are you going to watch the hockey game?","./audio/635.mp3"
636,"Ni:yót né: tehutatenyʌtoya’aks latiksa’shúha̲","Look at the children throwing snow at each other.","./audio/636.mp3"
637,"Onutahalá:ke ki’ né: tehute’slehtahélh̲a̲’","They are sleigh riding on the hill","./audio/637.mp3"
638,"Tekyatakhétsta’ ki’ nén tekniksa","The two girls are skating","./audio/638.mp3"
639,"Tsi’ na’teyowihskwat owaháke̲","The road is slippery","./audio/639.mp3"
640,"Tsi’ na’teyohwísute’ atste̲","It is icy outside","./audio/640.mp3"
641,"yonu’uti","snow pellets","./audio/641.mp3"
642,"yowisúti","ice pellets","./audio/642.mp3"
643,"teyohwískwat","it is slippery","./audio/643.mp3"
644,"teyohwísute̲’","it is icy","./audio/644.mp3"
645,"tehute’slehtahélha̲’","sleigh riding","./audio/645.mp3"
646,"tehutatenyʌtóya’aks","they are throwing snow at each other","./audio/646.mp3"
647,"owisá:ke tehutshikwa’eks","hockey","./audio/647.mp3"
648,"tehuta’kétsta̲’","skating","./audio/648.mp3"
649,"yotsistóhkwal̲e̲’","star","./audio/649.mp3"
650,"tʌtwatatawiní","(we all) exchange gifts (with each other)","./audio/650.mp3"
651,"shako:wíhe̲’","santa claus (he who gives)","./audio/651.mp3"
652,"skʌ:nʌ́: kʌhák tsi’ yohutsya:té̲","there is peace on earth","./audio/652.mp3"
653,"Wʌhnislowá:nʌ ka:lúte̲’","Christmas tree","./audio/653.mp3"
654,"Yotshanunyát tsi’ wʌhnislowá:nʌ̲","Merry Christmas","./audio/654.mp3"
655,"wʌhnislowá:nʌ ka’íkʌ wʌhnisla:té̲:","Christmas (this) day","./audio/655.mp3"
656,"wʌhnislowá:nʌ kahyatúhsel̲i̲","Christmas card","./audio/656.mp3"
657,"teyonutakli:tsale’ atʌ́:nis","candy cane","./audio/657.mp3"
658,"kayatuhsli tekanuwalotálh̲u̲","paper chain","./audio/658.mp3"
659,"kwayatalukwas kayatuhsli","cut the paper","./audio/659.mp3"
660,"kwayatalukwas kayatuhsli  Onʌyota’á:ka thokʌ́ yá:t","cutting the paper (that says Oneida)","./audio/660.mp3"
661,"yela’natakwa kayatuhsel̲i̲","tape the papers","./audio/661.mp3"
662,"tsyalehkwa’kʌ a:ukwistyo’kwa nʌstuke’ tsi’ náhe’ yoswá:u né: tsi’ nikawela’shatste̲’","I almost froze while the lights were off because it is so windy","./audio/662.mp3"
663,"wa’ukwaswahse’ né: tsi’ nikawela’shátste̲’","our lights went out because it’s so windy","./audio/663.mp3"
664,"tsi’ nikawela’shátste̲’","it's very windy","./audio/664.mp3"
665,"yowelú:tu̲","windy","./audio/665.mp3"
666,"yohsutatlʌt","scary night","./audio/666.mp3"
667,"lá:okwʌnya’","his costume","./audio/667.mp3"
668,"akokwʌnya’","her costume","./audio/668.mp3"
669,"akwakwʌnya’","my costume","./audio/669.mp3"
670,"akwatkuhsolokta’","my mask","./audio/670.mp3"
671,"awélu'uske̲'","witch","./audio/671.mp3"
672,"tsina’tsyakehte̲’","spider","./audio/672.mp3"
673,"otstókhwi̲’","blueberry","./audio/673.mp3"
674,"o’nʌhalkó:","grapes","./audio/674.mp3"
675,"alá:sek","elderberry","./audio/675.mp3"
676,"yonu’slaké:tote̲’","squash","./audio/676.mp3"
677,"onú:tsi̲","cabbage","./audio/677.mp3"
678,"onikwʌhtla’ nikahtehló:tʌ̲","beet","./audio/678.mp3"
679,"teyotsho’kwakwe’nú:ni̲","walnuts","./audio/679.mp3"
680,"otsinkhwala’ nikahtehló:tʌ̲","carrots","./audio/680.mp3"
681,"Ʌsatnʌstatate’ kʌ nén onʌhakʌ́:late̲","Are you going to dry the Indian corn?","./audio/681.mp3"
682,"Hʌ: tho’ nʌ ʌwá:tu né: ʌkatlanú:ni̲","Yes, then I can make cornsoup","./audio/682.mp3"
683,"Ʌwá:tu kʌ alá:sek wá:yat ʌsatna’talú:ni̲","Can you make elderberry pie?","./audio/683.mp3"
684,"Ʌsatsható: kʌ nén yonu’slaké:tote̲’","Are you going to bury the squash?","./audio/684.mp3"
685,"Tah oksa' ki' né: ʌkna’tishalʌ̲","No, I'm going to boil it right away.","./audio/685.mp3"
686,"shékoli","hello","./audio/686.mp3"
687,"tetwatunʌhelá:tu kakhwa’shuha̲","we give thanks for these foods","./audio/687.mp3"
688,"yehnikihlatha’ ó:wise̲’","drinking glass","./audio/688.mp3"
689,"yehnikihlatha̲’","drinking mug","./audio/689.mp3"
690,"atsí","dinner plate","./audio/690.mp3"
691,"atokwat","spoon","./audio/691.mp3"
692,"ashale̲’","knife","./audio/692.mp3"
693,"ashekwe̲’","fork","./audio/693.mp3"
694,"yutshokewatha̲’","napkin","./audio/694.mp3"
695,"yutsholyatha̲’","bowl","./audio/695.mp3"
696,"Tsha’tekohsélha̲’","February (Midwinter)","./audio/696.mp3"
697,"Tewʌhníslya’ks","March (the day is cut in two)","./audio/697.mp3"
698,"Wahsakayu:té:se̲’","April (it’s thundering)","./audio/698.mp3"
699,"Latiyʌ́thos","May (they plant)","./audio/699.mp3"
700,"Awʌhíhte̲’","June (strawberries)","./audio/700.mp3"
701,"Ohyótshel̲i̲’","July (green beans)","./audio/701.mp3"
702,"Onʌ́stase̲’","August (new corn)","./audio/702.mp3"
703,"Yeyʌthókwas","September (someone harvests)","./audio/703.mp3"
704,"Yutékhwayʌh̲e̲’","October (someone store's food)","./audio/704.mp3"
705,"Tehutʌnuhela:túh̲e̲’","November (they give thanks)","./audio/705.mp3"
706,"Wahsu:tés","December (it's a long night)","./audio/706.mp3"
707,"Teyakohúhtya'ks","January (someone’s ears are freezing)","./audio/707.mp3"
708,"ʌshatshá:tu̲","bury it","./audio/708.mp3"
709,"uská","one","./audio/709.mp3"
710,"tékeni̲","two","./audio/710.mp3"
711,"ahsʌ̲́","three","./audio/711.mp3"
712,"kayé:","four","./audio/712.mp3"
713,"wisk","five","./audio/713.mp3"
714,"yá:yak","six","./audio/714.mp3"
715,"tsyá:tak","seven","./audio/715.mp3"
716,"teklu’","eight","./audio/716.mp3"
717,"wá:tlu’","nine","./audio/717.mp3"
718,"oyé:li̲","ten","./audio/718.mp3"
719,"hao satketsko̲","come on, get up!","./audio/719.mp3"
720,"nʌki’ wa’katketsko̲","are you up?","./audio/720.mp3"
721,"hʌ́:ʌ nʌki’ wa’katketsko̲","yes, I am up","./audio/721.mp3"
722,"satslúni ó:nʌ̲","you get dressed now","./audio/722.mp3"
723,"tho ni yót tsi’ satsluni yotholé nu’u:wa̲’","you dress warm it’s cold today","./audio/723.mp3"
724,"ʌtyatekhunyá:na’ kʌ","you and I will eat together","./audio/724.mp3"
725,"í:sehle’ kʌ a:shatna’talutʌ swahyó:wane’ wá:yat","do you want to bake an apple pie?","./audio/725.mp3"
726,"wé:ne ki’ wah","I guess so","./audio/726.mp3"
727,"Thó: nikana’talá:ke̲","how many pies?","./audio/727.mp3"
728,"Wé:ne kwí: kayé: nikana’talá:ke̲","I guess four pies","./audio/728.mp3"
729,"Né: kʌ kwahotoku onutakli’ yʌsá:ti̲","will you make it with real sugar?","./audio/729.mp3"
730,"Né: se’wah","sure will","./audio/730.mp3"
731,"yonuhwélhote’ káhik","peach","./audio/731.mp3"
732,"káhik","fruit","./audio/732.mp3"
733,"yeyʌthókwas","harvest","./audio/733.mp3"
734,"ʌtehsatekhunyá:na kwí: nʌ ʌwatunisán̲e̲’","you come over and eat when the corn gets ripe","./audio/734.mp3"
735,"né: ki’ ok ní: onʌhakʌ́:lat wakyʌtho̲","all I planted is Indian corn","./audio/735.mp3"
736,"okni’í:se tetsyalu kʌ sayʌtho̲","and did you plant both kinds?","./audio/736.mp3"
737,"tetsyalu kwí: wakyʌtho kanʌhʌ:ta’ khále’ onʌhakʌláte̲’","I planted both kinds, sweet corn and Indian corn","./audio/737.mp3"
738,"nʌ ki’ thoha á:utunisan ka’í:kʌ ó:nʌste̲’","the corn is almost ripe","./audio/738.mp3"
739,"hʌ́: nok tsi’ yahakwa tewakʌtí:yo̲","yes I did but it didn’t come up to good","./audio/739.mp3"
740,"tsi' niwakahʌtí:yo ó:nʌste sanʌstayʌtho kʌ ni í:s̲e̲","I have a real good crop of corn, did you plant corn?","./audio/740.mp3"
741,"kaheló:tu̲","rows of corn","./audio/741.mp3"
742,"ohel̲a̲","corn stalk","./audio/742.mp3"
743,"kanʌhʌta̲","dried sweet corn","./audio/743.mp3"
744,"onʌhakʌ́:late̲’","Indian corn","./audio/744.mp3"
745,"sayʌ́th̲o̲","you have planted","./audio/745.mp3"
746,"wakyʌ́tho","I have planted","./audio/746.mp3"
747,"á:utunisan̲e̲’","to mature (or ripen)","./audio/747.mp3"
748,"tetsyá:lu̲","both","./audio/748.mp3"
749,"yahakwa tewakʌtí:yo̲","my crop is not very good","./audio/749.mp3"
750,"kahʌtí:yo̲","a good crop","./audio/750.mp3"
751,"onʌstáse̲’","green corn","./audio/751.mp3"
752,"wé:ni kwí: ʌwatú:kohte’ ʌti","I guess this afternoon","./audio/752.mp3"
753,"ʌwá:tu kánke káti’ ʌteskóhn̲a̲","yes it is possible, when will you come after it?","./audio/753.mp3"
754,"ʌwá:tu kʌ óstuha akuhní:n̲u̲","is it possible to buy some from you?","./audio/754.mp3"
755,"hʌ́: nʌ sok wah","yes, they are ripe already","./audio/755.mp3"
756,"okna’ kʌ yotunisu","is it ripe already?","./audio/756.mp3"
757,"nʌ kyále’ yakahéwe’ aetwasahé:taku ohyotshél̲i̲","it is time to pick butter beans","./audio/757.mp3"
758,"tekahwístake̲’","two dollars","./audio/758.mp3"
759,"tekatshé:take̲’","two quarts","./audio/759.mp3"
760,"skatshé:tat","one quart","./audio/760.mp3"
761,"tó:nikano:l̲u̲","how much is it?","./audio/761.mp3"
762,"ʌwá:tu̲","yes it is possible","./audio/762.mp3"
763,"ʌwa:tú: kʌ","is it possible?","./audio/763.mp3"
764,"ʌteskóhn̲a̲’","you will come and get it","./audio/764.mp3"
765,"yotunisu","it is ripe","./audio/765.mp3"
766,"aetwasahé:taku̲","to pick beans","./audio/766.mp3"
767,"ohyótsheli̲","butter beans","./audio/767.mp3"
768,"É:lhal khále’ takós ki’ swatyehlʌ kanúsku ni nákehle̲’","sometimes the dog and cat live in the house","./audio/768.mp3"
769,"Kátsha’ kayʌ kanúsku kutinakehle̲’","which ones live in the house?","./audio/769.mp3"
770,"Otyake’ ki’ kanúsku kutinakehle̲’","some live in the house(animals)","./audio/770.mp3"
771,"Kátsha’ káti’ né: nú: nikutinakehle’ nén katshé:nʌ̲:","where do the domestic animals live?","./audio/771.mp3"
772,"Kalhaku né: kutinakehle’ nén kutilyó’shuha̲","wild animals live in the forest","./audio/772.mp3"
773,"katshé:nʌ̲","domestic animals","./audio/773.mp3"
774,"skʌhnaksʌ̲","fox","./audio/774.mp3"
775,"kutilyo’shúha̲","wild animals","./audio/775.mp3"
776,"ashʌ ki’ né: nahoti’talake nén Onʌyota’á:ka","Oneida people have three clans","./audio/776.mp3"
777,"thayú:ni né: na’ako’taló:tʌ nén aksotha̲","wolf is my grandmother’s clan","./audio/777.mp3"
778,"náhte’ kati né: na’ako’taló:tʌ nén sahsotha̲","what is your grandmother’s clan?","./audio/778.mp3"
779,"a’nó:wal né: naho’taló:tʌ nén lake’niha̲","turtle is my fathers clan","./audio/779.mp3"
780,"ok nen ya’niha náhte’ né: naho’taló:tʌ̲’","what about your father, what is his clan?","./audio/780.mp3"
781,"Hʌ  ohkwá:li ki’ né: na’ako’taló:tʌ’ nén aknulha","yes, my mother’s clan is bear","./audio/781.mp3"
782,"Sanúte’ kʌ náhte’ na’ako’taló:tʌ’ nén sanulha","do you know what your mother’s clan is?","./audio/782.mp3"
783,"Teyakohúhtyaks wʌhni’tatati","freezing ears month - January","./audio/783.mp3"
784,"á:se yohslá:te̲","new year","./audio/784.mp3"
785,"í:kelhe’ ashuthu kʌ ʌtutasawʌ̲","I thought they start at midnight","./audio/785.mp3"
786,"Tah só:tsi’ yata’tusahuleni tsi’ niyolé: ashuthu̲","no because it’s not over 'til midnight","./audio/786.mp3"
787,"Wahsatlʌnayʌna kʌ nén á:se yohslá:te yo’kalau","are you going to church on new year’s eve?","./audio/787.mp3"
788,"Hʌ ʌkheyuni ki’ nén kheyuhwátʌha","yes, I’m going to make one for my niece","./audio/788.mp3"
789,"ʌsatú:ni káti kʌ nén oyá:n kaya’tú:ni̲","are you going to make a doughnut doll?","./audio/789.mp3"
790,"hʌ né: ki’ kanutuynúhe̲’","yes, I’m thinking about it","./audio/790.mp3"
791,"satunya:ne’ kʌ nén oyá:n","are you going to make doughnuts?","./audio/791.mp3"
792,"tó:niyohwistaé","what time is it?","./audio/792.mp3"
793,"wa’yólhʌne̲","come morning","./audio/793.mp3"
794,"kwahsutati","all night","./audio/794.mp3"
795,"tayolhʌ’hati","coming daylight","./audio/795.mp3"
796,"ahsuthu̲","midnight","./audio/796.mp3"
797,"lutlʌnayʌnese̲’","they go to church","./audio/797.mp3"
798,"oyá:n kaya’túni̲","doughnut doll","./audio/798.mp3"
799,"oyá:n","doughnut","./audio/799.mp3"
800,"onhéhta̲","porcupine","./audio/800.mp3"
801,"tsyoní:tu̲’","beaver","./audio/801.mp3"
802,"oná:kʌt","groundhog","./audio/802.mp3"
803,"ska’nyúhsa̲’","moose","./audio/803.mp3"
804,"satuhkalyáks kʌh","are you hungry?","./audio/804.mp3"
805,"hao’ satekhú:ni̲","come and eat","./audio/805.mp3"
806,"hao’ swatekhú:ni̲","all of you come and eat","./audio/806.mp3"
807,"náhte’ isle’ asék","what do you want to eat?","./audio/807.mp3"
808,"náhte’ isle’ asnikí:la̲","what do you want to drink?","./audio/808.mp3"
809,"isle’ kʌh","do you want...?","./audio/809.mp3"
810,"yawʌ’kó:","a big thank you","./audio/810.mp3"
811,"yó:","your welcome","./audio/811.mp3"
812,"hʌ́: né: wah","yes, that is it","./audio/812.mp3"
813,"tah yah tʌh","no, that is not it","./audio/813.mp3"
814,"yah te’ wáki","I don’t have any","./audio/814.mp3"
815,"owistohsehl̲e̲","butter","./audio/815.mp3"
816,"tsyohyó:tsis","salt","./audio/816.mp3"
817,"onúkwat","pepper","./audio/817.mp3"
818,"ohnaná:ta̲","potato","./audio/818.mp3"
819,"o’walu̲’","meat","./audio/819.mp3"
820,"osahéth̲a̲","beans","./audio/820.mp3"
821,"onʌste̲’","corn","./audio/821.mp3"
822,"ohné:kanus","water","./audio/822.mp3"
823,"ohnuta̲","milk","./audio/823.mp3"
824,"swahyó:wan̲e̲","apple","./audio/824.mp3"
825,"tewahyakháni","tomato","./audio/825.mp3"
826,"á:nuk","onion","./audio/826.mp3"
827,"wá:yat","pie","./audio/827.mp3"
828,"kaná:talok","(store bought) bread","./audio/828.mp3"
829,"kakhwa’shúh̲a̲","foods","./audio/829.mp3"
830,"yaweku kʌh","does it taste good?","./audio/830.mp3"
831,"katsi’nkwalahu:tsi","orange","./audio/831.mp3"
832,"satla’swiyóhak","good luck!","./audio/832.mp3"
833,"wáhse̲","go on","./audio/833.mp3"
834,"waski’wáh","go on then","./audio/834.mp3"
835,"satkátho̲","(you) look!","./audio/835.mp3"
836,"tas thí:kʌ̲","hand me that","./audio/836.mp3"
837,"satkʌ́:lat","stop it! or let go!","./audio/837.mp3"
838,"tákʌ’ tʌhsaláhtat","don’t run","./audio/838.mp3"
839,"oskanʌ’shuha̲","slowly","./audio/839.mp3"
840,"atsyók","after while","./audio/840.mp3"
841,"satnútut","you wait","./audio/841.mp3"
842,"tesaslíhʌ̲","hurry up","./audio/842.mp3"
843,"hanyo hanyo","hurry hurry","./audio/843.mp3"
844,"kanto se:sek","you stay here","./audio/844.mp3"
845,"isi’ sátkwit","you move over","./audio/845.mp3"
846,"tetsya’nyanawʌ́ksi̲","you two take your mittens off","./audio/846.mp3"
847,"tehsa’nyanawʌ́ksi̲","take your mittens off","./audio/847.mp3"
848,"tsyana’alolóksi̲","you two take your hat off","./audio/848.mp3"
849,"sana’alolóksi̲","take your hat off","./audio/849.mp3"
850,"tsyatya’tawi’tási̲","you two take your coat, dress, or shirt off","./audio/850.mp3"
851,"satya’tawi’tási̲","take you coat, dress, or shirt off","./audio/851.mp3"
852,"tetsyalahtáhsi̲","you two take your shoes off","./audio/852.mp3"
853,"tehsalahtáhsi̲","take your shoes off","./audio/853.mp3"
854,"tetsyalatahkwanétasi̲","you two take your boots off","./audio/854.mp3"
855,"tehsalahtahkwanétasi̲","take you boots off","./audio/855.mp3"
856,"tutatsyatayat ó:nʌ̲","you two come back in now","./audio/856.mp3"
857,"tutasatayat ó:nʌ̲","you come back in now","./audio/857.mp3"
858,"wale:lú̲","frog","./audio/858.mp3"
859,"ohna’kwalohsa’kó:","elephant","./audio/859.mp3"
860,"tsikawihsakíh̲a̲’","monkey","./audio/860.mp3"
861,"aní:tas","skunk","./audio/861.mp3"
862,"kwalo:lú̲","owl","./audio/862.mp3"
863,"atú:nyote̲’","eagle","./audio/863.mp3"
864,"ʌti:lu̲","raccoon","./audio/864.mp3"
865,"ótku̲’","snake","./audio/865.mp3"
866,"otsi’no:wʌ̲","mouse","./audio/866.mp3"
867,"tsi’kwilʌ́:tu̲","squirrel","./audio/867.mp3"
868,"kohsa:tʌ́s","horse","./audio/868.mp3"
869,"othahyu:ní̲","wolf","./audio/869.mp3"
870,"kʌ́tsi","fish","./audio/870.mp3"
871,"é:lhal","dog","./audio/871.mp3"
872,"tsiskó:ko’","robin","./audio/872.mp3"
873,"kwa’yʌ́h̲a̲","rabbit","./audio/873.mp3"
874,"takós","cat","./audio/874.mp3"
875,"oskanu:tú̲:","deer","./audio/875.mp3"
876,"ohkwa:lí̲","bear","./audio/876.mp3"
877,"tsyatsyóhal","you two wash your face","./audio/877.mp3"
878,"sahtsyóhal","wash your hands","./audio/878.mp3"
879,"tsyatnawilóhal","you two brush your teeth","./audio/879.mp3"
880,"satnawilóhal","brush your teeth","./audio/880.mp3"
881,"tetsya’nyánawʌk","you two put on your mittens","./audio/881.mp3"
882,"tehsa’nyánawʌk","put on your mittens","./audio/882.mp3"
883,"tsyana’alo:lók","you two put your hat on","./audio/883.mp3"
884,"sana’alo:lók","put your hat on","./audio/884.mp3"
885,"tsyatyátahwit","you two put on your dress, shirt, or coat","./audio/885.mp3"
886,"satyátahwit","put on your dress, shirt, or coat","./audio/886.mp3"
887,"tetsyaláhtan","you two put on your shoes","./audio/887.mp3"
888,"tehsalátan","put on your shoes","./audio/888.mp3"
889,"tetsyalahtah kwané:tan","you two put on your boots","./audio/889.mp3"
890,"tehsalahtah kwané:tan","put on your boots","./audio/890.mp3"
891,"tsyatelhalat á:esniyakʌne̲’","you two get ready to go outside","./audio/891.mp3"
892,"satelhalat ashyá:kʌne̲’","get ready to go outside","./audio/892.mp3"
893,"tsyatketsko ó:nʌ̲","you two get up now","./audio/893.mp3"
894,"satketsko ó:nʌ̲","get up now","./audio/894.mp3"
895,"tsyanuhwetha ó:nʌ̲","you two go to bed now","./audio/895.mp3"
896,"ohalanʌ́:t̲a̲’","purple","./audio/896.mp3"
897,"awʌ́:la̲","green","./audio/897.mp3"
898,"owiskela̲’","white","./audio/898.mp3"
899,"athehsa̲’","brown","./audio/899.mp3"
900,"otsí:nkwal","yellow","./audio/900.mp3"
901,"ata’kʌla̲’","grey","./audio/901.mp3"
902,"sanuhwetha ó:nʌ̲","You go to bed now.","./audio/902.mp3"
903,"a'no:wál","turtle","./audio/903.mp3"
904,"olú:ya̲’","Blue","./audio/904.mp3"
905,"oswʌ́:ta̲’","black","./audio/905.mp3"
906,"Yaweku' se'wah","It sure is good","./audio/906.mp3"
907,"Kwa’ nyo uhte wahyáku","The berries must be real good","./audio/907.mp3"
908,"Tákʌ kwi ʌsesa’nikulhʌ yʌsanutaklitslú:ti̲","Don't forget to add sugar","./audio/908.mp3"
909,"Nʌ ki’ ʌwá:tu ʌtawahyá:lite̲’","We can have mashed berries now","./audio/909.mp3"
910,"Kwah nyo wahyowá:nʌse̲’","The berries are sure big","./audio/910.mp3"
911,"Sanúte’ kʌ tsi’ kʌ’niyohʌtesha’ tsi’ nú: niwatunyá:ta’ nén awʌhíhte̲’","Do you know that strawberries grow on a short plant?","./audio/911.mp3"
912,"Nʌ ki’ yahkahewe’ tsi’ niyuhyawas nén awʌhíhte̲’","It's now time to pick strawberries.","./audio/912.mp3"
913,"teyonutaklítslale̲’","It's sweet.","./audio/913.mp3"
914,"yotahyú:ni̲","Lots of berries","./audio/914.mp3"
915,"onutakeli̲","Sugar","./audio/915.mp3"
916,"wahyohwá:nʌse̲’","Big berries","./audio/916.mp3"
917,"wahyáku","Good fruit","./audio/917.mp3"
918,"onikwʌtahla̲’","Red","./audio/918.mp3"
919,"kʌ’niyohʌtésha̲’","Short plant","./audio/919.mp3"
920,"awʌhíhte̲’","Strawberry","./audio/920.mp3"
